Название,Категория
Versace Eros Flame 100ml LUXE,Топ продаж
Guerlain L'Homme Ideal Eau De Parfum 100 ml LUXE,Топ продаж
Guerlain L'Homme Ideal Extreme 100 ml LUXE,Топ продаж
Мужская Tom Ford Bitter Peach 100ml LUXE,Топ продаж
Мужская VERTUS Narcos'is 100ml  LUXE,Топ продаж
Мужская VILHELM PARFUMERIE Mango Skin 100ml LUXE,Топ продаж
Мужская Tiziana Terenzi Kirke LUXE A+,Топ продаж
Мужская Tom Ford Lost Cherry 100ml LUXE A+,Топ продаж
Мужская Franck Boclet Cocaine LUXE A+,Топ продаж
Женская Memo Marfa LUXE,Топ продаж
Мужская Maison Francis Kurkdjian Paris Baccarat Rouge 540 Extrait de Parfum 70ml LUXE A+,Топ продаж
Creed Aventus 100ml LUXE,Топ продаж
EX Nihilo  Fleur Narcotique LUXE (оригинальная упаковка) batch fn20100,Топ продаж
Мужская Maison Francis Kurkdjian Paris Baccarat Rouge 540 70ml LUXE A+,Топ продаж
Женская Zarkoperfume PINK MOLeCULE 090.09 LUXE,Топ продаж
Женская BYREDO Bal d Afrique LUXE A+,Топ продаж
Женская Dolce&Gabbana 3 L'Imperatrice LUXE,Топ продаж
